degree_id,name,emoji,description,course_ids_plus_separated
DS_HSC1,Core Courses,üè†,"only the required courses, so that you can pick everything from the beginning",HEIN11037a_1_1+HEIN11037b_1_2
DS_HSC1,Coding,üëæ,a majority of your courses would focus on programming,HEIN11037a_1_1+HEIN11037b_1_2+HEIN11045_1_4+HEIN11062_1_5+HEIN11039_1_3+HEIN11068_1_6
DS_HSC1,Balanced,üòé,courses covering a balanced mix of skills and knowledge,HEIN11037a_1_1+HEIN11037b_1_2+HEIN11083_1_5+HEIN11059_1_3+HEIN11048_1_4+HEIN11046_1_6
DS_HSC2,Core Courses,üè†,"only the required courses, so that you can pick everything from the beginning",HEIN11037a_1_1+HEIN11089_2_1+HEIN11037b_1_2
DS_HSC2,Coding,üëæ,a majority of your courses would focus on programming,HEIN11037a_1_1+HEIN11089_2_1+HEIN11037b_1_2+HEIN11085_2_2+HEIN11039_1_3+HEIN11045_1_4+HEIN11062_1_5+HEIN11068_1_6+HEIN11043_2_5+HEIN11067_2_3+HEIN11098_2_4+HEIN11046_2_6
DS_HSC2,Balanced,üòé,courses covering a balanced mix of skills and knowledge,HEIN11037a_1_1+HEIN11089_2_1+HEIN11037b_1_2+HEIN11045_1_4+HEIN11068_1_6+HEIN11048_2_4+HEIN11067_2_3+HEIN11059_1_3+HEIN11043_1_5+HEIN11040_2_2+HEIN11083_2_5+HEIN11046_2_6
DS_HSC3,Coding,üëæ,a majority of your courses would focus on programming,HEIN11037a_1_1+HEIN11089_2_1+HEIN11037b_1_2+HEIN11090_2_6+DISSERTATION_3_1+HEIN11039_1_3+HEIN11045_1_4+HEIN11068_1_6+HEIN11085_2_2+HEIN11067_2_3+HEIN11098_2_4+HEIN11062_2_5+HEIN11083_1_5
DS_HSC3,Balanced,üòé,courses covering a balanced mix of skills and knowledge,HEIN11037a_1_1+HEIN11089_2_1+HEIN11037b_1_2+HEIN11090_2_6+DISSERTATION_3_1+HEIN11059_1_3+HEIN11045_1_4+HEIN11048_2_4+HEIN11083_1_5+HEIN11046_1_6+HEIN11040_2_2+HEIN11067_2_3+HEIN11043_2_5
DS_HSC3,Core Courses,üè†,"only the required courses, so that you can pick everything from the beginning",HEIN11037a_1_1+HEIN11089_2_1+HEIN11037b_1_2+HEIN11090_2_6+DISSERTATION_3_1
DS_HSC3,SLICC,üõ†Ô∏è,Only required courses for SLICC (student led individually created course),HEIN11037a_1_1+HEIN11089_2_1+HEIN11037b_1_2+SLICCa_3_1+SLICCb_3_6+HEIN11090_2_6
LDT_HSC1,Core Courses,üè†,"only the required courses, so that you can pick everything from the beginning",HEIN11064a_1_1+HEIN11064b_1_2+HEIN11076a_1_3+HEIN11076b_1_4+HEIN11063a_1_5+HEIN11063b_1_6
LDT_HSC2,Core Courses,üè†,"only the required courses, so that you can pick everything from the beginning",HEIN11064a_1_1+HEIN11064b_1_2+HEIN11076a_1_3+HEIN11076b_1_4+HEIN11063a_1_5+HEIN11063b_1_6+HEIN11086_2_1+HEIN11082_2_2
LDT_HSC3,Core Courses,üè†,"only the required courses, so that you can pick everything from the beginning",HEIN11064a_1_1+HEIN11064b_1_2+HEIN11076a_1_3+HEIN11076b_1_4+HEIN11063a_1_5+HEIN11063b_1_6+HEIN11086_2_1+HEIN11082_2_2+ResearchDesignPractice_2_5+CAPSTONEPROJECT_3_1
LDT_HSC1,No Pre-Selection,‚ùå,no courses pre-selected,
LDT_HSC2,No Pre-Selection,‚ùå,no courses pre-selected,
LDT_HSC3,No Pre-Selection,‚ùå,no courses pre-selected,
DS_HSC1,No Pre-Selection,‚ùå,no courses pre-selected,
DS_HSC2,No Pre-Selection,‚ùå,no courses pre-selected,
DS_HSC3,No Pre-Selection,‚ùå,no courses pre-selected,
